<?xml version="1.0" encoding="UTF-8" standalone="yes"?>
<addon id="script.module.vk" name="vk" version="1.0.6" provider-name="inpos">
  <requires>
    <import addon="xbmc.python" version="2.14.0"/>
    <import addon="script.module.requests" version="2.12.4"/>
    <import addon="script.module.simplejson"/>
  </requires>
  <extension point="xbmc.python.module" library="lib" />
  <extension point="xbmc.addon.metadata">
    <platform>all</platform>
    <language></language>
    <summary lang="en">vk.com API Python wrapper</summary>
    <description lang="en">vk.com API Python wrapper</description>
    <disclaimer lang="en">Based on code taken from https://pypi.python.org/pypi/vk/</disclaimer>
    <license>GPLv3</license>
    <website>https://github.com/inpos/script.module.vk</website>
    <source>https://github.com/inpos/script.module.vk</source>
  </extension>
</addon>