﻿<?xml version="1.0" encoding="utf-8"?>
<addon id="script.torrentersw"
       name="Torrenter Search Window"
       version="0.0.1"
       provider-name="DiMartino">
  <requires>
    <import addon="xbmc.python" version="2.1.0"/>
  </requires>
  <extension point="xbmc.python.script"         library="test.py">
    <provides>executable</provides>
  </extension>
  <extension point="xbmc.addon.metadata">
    <summary>Torrenter Search Window</summary>
    <description>Calls Torrenter Search Window
    </description>
    <platform>all</platform>
  </extension>
</addon>